<?xml version="1.0" encoding="UTF-8"?>
<beans xmlns="http://www.springframework.org/schema/beans"
       xmlns:cxf="http://cxf.apache.org/core"
       xmlns:xsi="http://www.w3.org/2001/XMLSchema-instance"
       xmlns:jaxws="http://cxf.apache.org/jaxws"
       xsi:schemaLocation="http://cxf.apache.org/core
       http://cxf.apache.org/schemas/core.xsd
       http://www.springframework.org/schema/beans
       http://www.springframework.org/schema/beans/spring-beans.xsd
       http://cxf.apache.org/jaxws http://cxf.apache.org/schemas/jaxws.xsd"
       default-lazy-init="true">

    <!-- 引入CXF Bean定义如下,早期的版本中使用 -->
    <!--<import resource="classpath:META-INF/cxf/cxf.xml" />
    <import resource="classpath:META-INF/cxf/cxf-extension-soap.xml" />
    <import resource="classpath:META-INF/cxf/cxf-servlet.xml" />-->
    <!--发布webservice-->
    <!-- WebService的实现Bean定义 -->
    <!--web.xml配置了webservice的访问路径/server/*，那么/server/web-publish?wsdl就是该webservice的访问路径-->
    <bean id="riskService" class="reedsec.services.RiskServiceImpl" />
<!--    <bean class="org.apache.cxf.interceptor.LoggingInInterceptor" id="loggingInInterceptor" />
    <bean class="org.apache.cxf.interceptor.LoggingOutInterceptor" id="logOutInterceptor" />

    <cxf:bus>
        <cxf:inInterceptors>
            <ref bean="loggingInInterceptor" />
        </cxf:inInterceptors>
        <cxf:outInterceptors>
            <ref bean="logOutInterceptor" />
        </cxf:outInterceptors>
    </cxf:bus>-->
    <!-- jax-ws endpoint定义  -->
   <jaxws:endpoint id="myService"
                    implementor="#riskService"  address="/riskService"  >
    </jaxws:endpoint>
    <!--发布webservice-->
</beans>